method,n_cells,accuracy,macro_f1,weighted_f1,cohen_kappa
Zero-Shot LLM (Claude Haiku 4.5),2638,0.8506444275966641,0.6732026002922988,0.8034750424472772,0.7935898324465904
Reference Mapping (CellTypist),2613,0.8890164561806353,0.7758572700559829,0.8624728167555262,0.8473987894527405
