,precision,recall,f1-score,n_cells
B,0.9941176470588236,0.9883040935672515,0.9912023460410557,342
CD14 Mono,0.7511737089201878,1.0,0.8579088471849866,480
CD4 T,0.9431438127090301,0.986013986013986,0.9641025641025641,1144
CD8 T,0.6038647342995169,0.7911392405063291,0.684931506849315,316
DC,0.9722222222222222,0.9459459459459459,0.958904109589041,37
FCGR3A Mono,0.0,0.0,0.0,150
NK,0.0,0.0,0.0,154
Platelet,1.0,0.8666666666666667,0.9285714285714286,15
