method,n_cells,accuracy,macro_f1,weighted_f1,cohen_kappa
Zero-Shot (Llama marker-gene scoring),2638,0.8506444275966641,0.6732026002922988,0.8034750424472772,0.7935898324465904
"Reference Mapping (Llama dot-product, pbmc68k ref)",2626,0.7319116527037319,0.5023124899194462,0.7096381583075311,0.6494517848870756
