,precision,recall,f1-score,n_cells
B,0.9878048780487805,0.9501466275659824,0.968609865470852,341
CD14 Mono,0.7441497659906396,0.99375,0.8510258697591436,480
CD4 T,0.9682203389830508,0.8038698328935796,0.8784238346948583,1137
CD8 T,0.12101910828025478,0.060126582278481014,0.080338266384778,316
DC,0.6666666666666666,0.918918918918919,0.7727272727272727,37
FCGR3A Mono,0.0,0.0,0.0,150
NK,0.30495049504950494,1.0,0.4673748103186646,154
Platelet,0.0,0.0,0.0,11
