method,n_cells,accuracy,ari,macro_f1,weighted_f1,cohen_kappa
Zero-Shot (Gemma marker scoring),2638,0.7634571645185747,0.6336889271225908,0.48160515944358606,0.6919380380821597,0.67394754715703
Reference Mapping (Gemma Scanorama+KNN),2622,0.7696414950419527,0.6206989517595941,0.5643410690535224,0.7598434291600646,0.6967843039646945
