,precision,recall,f1-score,n_cells
B,0.8986666666666666,0.9853801169590644,0.9400278940027894,342
CD14 Mono,0.6962209302325582,0.9979166666666667,0.8202054794520548,480
CD4 T,0.8292682926829268,0.8916083916083916,0.8593091828138163,1144
CD8 T,0.0,0.0,0.0,316
DC,0.4084507042253521,0.7837837837837838,0.5370370370370371,37
FCGR3A Mono,0.0,0.0,0.0,150
NK,0.5437956204379562,0.9675324675324676,0.6962616822429907,154
Platelet,0.0,0.0,0.0,15
