,precision,recall,f1-score,n_cells
B,0.9826589595375722,0.9941520467836257,0.9883720930232558,342
CD14 Mono,0.7188612099644128,0.8416666666666667,0.7754318618042226,480
CD4 T,0.9221871713985279,0.7699736611062336,0.8392344497607656,1139
CD8 T,0.451271186440678,0.6740506329113924,0.5406091370558376,316
DC,0.3157894736842105,0.972972972972973,0.4768211920529801,37
FCGR3A Mono,0.0,0.0,0.0,150
NK,0.8361581920903954,0.961038961038961,0.8942598187311178,154
Platelet,0.0,0.0,0.0,4
